year,month,day,lat,lon,sm_50
2019,8,28,34.82,-87.99,nan
2019,8,28,33.53,-103.63,0.16
2019,8,28,33.63,-88.77,0.87
2019,8,28,29.1,-81.63,0.73
2019,8,28,36.57,-115.2,0.15
2019,8,28,45.8,-111.59,0.33
2019,8,28,20.01,-155.6,0.01
2019,8,28,45.47,-88.58,0.58
2019,8,28,37.78,-118.42,0.2
2019,8,28,37.19,-112.19,1
2019,8,28,20.1,-155.51,0.09
2019,8,28,40.79,-122.55,1
2019,8,28,33.65,-115.1,0.41
2019,8,28,34.23,-89.9,0.51
2019,8,28,46.77,-100.92,0.7
2019,8,28,37.87,-112.43,0
2019,8,28,37.13,-97.09,0.65
2019,8,28,34.89,-86.6,0.72
2019,8,28,48.44,-111.18,0.07
2019,8,28,33.97,-90.9,0.22
2019,8,28,34.77,-106.76,0.27
2019,8,28,34.3,-79.73,0.81
2019,8,28,36.33,-116.35,nan
2019,8,28,39.7,-96.16,1
2019,8,28,38.15,-112.25,0.71
2019,8,28,32.67,-81.2,0
2019,8,28,33,-91.06,nan
2019,8,28,33.55,-102.37,0.84
2019,8,28,39.23,-92.12,1
2019,8,28,40.82,-104.71,0.61
2019,8,28,35.06,-86.59,0.72
2019,8,28,39.47,-117.62,0.55
2019,8,28,34.18,-87.46,0.3
2019,8,28,35.28,-90.45,0.54
2019,8,28,36.27,-115.61,0.75
2019,8,28,26.16,-97.96,0.66
2019,8,28,36.54,-120.55,nan
2019,8,28,43.93,-71.72,0.95
2019,8,28,64.69,-148.91,0.84
2019,8,28,34.28,-91.35,0.93
2019,8,28,41.33,-111.3,0.5
2019,8,28,33.54,-103.24,nan
2019,8,28,43.05,-73.03,0.18
2019,8,28,34.02,-99.25,0.13
2019,8,28,47.52,-107.13,0.98
2019,8,28,37.67,-109.36,0.13
2019,8,28,39.65,-111.87,0.26
2019,8,28,37.19,-86.04,nan
2019,8,28,40.03,-118.18,0.56
2019,8,28,41.82,-111.98,0.94
2019,8,28,34.78,-90.82,0.99
2019,8,28,37.1,-87.83,0.78
2019,8,28,38.26,-119.13,0.46
2019,8,28,47.72,-96.27,0.06
2019,8,28,34.25,-92.03,0.33
2019,8,28,37.45,-109.34,1
2019,8,28,35.12,-119.6,1
2019,8,28,40.37,-110.41,0.19
2019,8,28,38.59,-113.75,0.08
2019,8,28,42.88,-77.03,0.74
2019,8,28,38.31,-109.24,0.74
2019,8,28,33.66,-90.57,1
2019,8,28,41.78,-113.82,0.72
2019,8,28,65.2,-156.63,nan
2019,8,28,42.71,-90.39,0.79
2019,8,28,37.78,-109.17,0.47
2019,8,28,19.91,-155.59,0.91
2019,8,28,40.18,-110.3,0.04
2019,8,28,33.11,-88.31,0.85
2019,8,28,32.56,-106.7,0.9
2019,8,28,31.55,-100.51,0.11
2019,8,28,36.37,-115.82,0.43
2019,8,28,32.43,-85.75,0.1
2019,8,28,37.63,-113.64,0.52
2019,8,28,40.62,-120.72,0.27
2019,8,28,39.79,-99.33,0.69
2019,8,28,39.02,-110.16,1
2019,8,28,34.07,-90.35,0.69
2019,8,28,41.8,-81.08,0.77
2019,8,28,30.07,-94.29,0.89
2019,8,28,37.11,-113.36,0.61
2019,8,28,39.24,-113.46,nan
2019,8,28,61.58,-159.58,0.01
2019,8,28,40.25,-93.72,0.94
2019,8,28,32.61,-88.2,0.6
2019,8,28,30.3,-84.42,0.91
2019,8,28,41,-111.69,0.58
2019,8,28,36.78,-89.93,0.95
2019,8,28,40.72,-77.93,0.69
2019,8,28,32.25,-98.2,0.47
2019,8,28,37.63,-118.83,0.89
2019,8,28,33.62,-102.04,0.64
2019,8,28,41.94,-112.43,0.15
2019,8,28,42.02,-93.73,0.82
2019,8,28,47.06,-109.95,0.95
2019,8,28,33.62,-91.1,0.28
2019,8,28,42.07,-104.13,0.9
2019,8,28,43.74,-96.61,0.66
2019,8,28,40.32,-89.9,0.17
2019,8,28,47,-118.57,nan
2019,8,28,37.37,-117.97,0.68
2019,8,28,39.53,-110.81,nan
2019,8,28,48.3,-111.92,0.52
2019,8,28,38.34,-113.01,nan
2019,8,28,31.73,-110.05,0.44
2019,8,28,63.35,-142.98,nan
2019,8,28,34.68,-90.42,0.69
2019,8,28,39.37,-111.58,0.84
2019,8,28,39.19,-112.4,0.54
2019,8,28,39.95,-83.45,0.22
2019,8,28,34.43,-86.68,0.02
2019,8,28,32.41,-85.91,0.4
2019,8,28,34.25,-105.42,0.81
2019,8,28,18.15,-67,0.62
2019,8,28,38.01,-109.13,0.79
2019,8,28,29.36,-100.25,0
2019,8,28,42.43,-95.77,0.5
2019,8,28,33.63,-102.75,0.71
2019,8,28,45.42,-93.95,0.39
2019,8,28,36.37,-115.78,0.81
2019,8,28,34.36,-106.69,0.87
2019,8,28,39.15,-90.78,0.52
2019,8,28,39.87,-93.15,nan
2019,8,28,43.47,-119.69,0.5
2019,8,28,44.52,-104.44,0.84
2019,8,28,32.33,-86.98,nan
2019,8,28,28.3,-96.82,nan
2019,8,28,42.44,-76.25,0.6
2019,8,28,40.85,-96.57,0.56
2019,8,28,34.82,-89.43,1
2019,8,28,35.42,-82.56,0.76
2019,8,28,34.29,-85.96,0.88
2019,8,28,26.53,-98.06,1
2019,8,28,19.54,-155.58,nan
2019,8,28,55.35,-160.47,nan
2019,8,28,41.49,-71.54,nan
2019,8,28,47.51,-123.81,nan
2019,8,28,37.63,-91.72,0.41
2019,8,28,66.56,-159,nan
2019,8,28,46.33,-86.92,0.03
2019,8,28,44.42,-123.33,0.01
2019,8,28,39.01,-114.21,nan
2019,8,28,35.97,-79.09,0.28
2019,8,28,43.66,-110.71,nan
2019,8,28,44.93,-68.7,0.85
2019,8,28,43.46,-113.56,nan
2019,8,28,38.3,-111.29,nan
2019,8,28,40.76,-81.91,nan
2019,8,28,36.6,-101.59,0.69
2019,8,28,46.96,-67.88,nan
2019,8,28,43.73,-96.62,nan
2019,8,28,38.32,-123.07,0.71
2019,8,28,37.86,-103.82,0.56
2019,8,28,48.49,-105.21,0.01
2019,8,28,43.17,-70.93,nan
2019,8,28,63.45,-150.87,nan
2019,8,28,46.89,-103.38,nan
2019,8,28,64.97,-147.51,nan
2019,8,28,41.56,-93.29,0.75
2019,8,28,35.49,-82.61,nan
2019,8,28,35.86,-106.52,0.06
2019,8,28,40.7,-96.85,nan
2019,8,28,59.51,-139.68,nan
2019,8,28,31.19,-84.45,nan
2019,8,28,33.96,-102.77,nan
2019,8,28,68.65,-149.4,nan
2019,8,28,32.61,-106.74,0.28
2019,8,28,34.41,-119.88,1
2019,8,28,27.15,-81.37,nan
2019,8,28,28.62,-80.69,nan
2019,8,28,45.16,-113.01,nan
2019,8,28,30.62,-98.08,nan
2019,8,28,44.06,-90.17,0.78
2019,8,28,44.56,-119.65,0.07
2019,8,28,46.11,-92.99,0.42
2019,8,28,34.36,-106.89,0.99
2019,8,28,30.55,-87.88,0.51
2019,8,28,19.65,-155.08,nan
2019,8,28,40.05,-88.37,0.3
2019,8,28,31.88,-87.74,nan
2019,8,28,45.71,-99.13,0.52
2019,8,28,40.04,-105.54,nan
2019,8,28,48.31,-105.1,0.2
2019,8,28,36.12,-97.09,0.89
2019,8,28,39.01,-79.47,0.4
2019,8,28,25.9,-81.32,nan
2019,8,28,41.48,-71.54,0.7
2019,8,28,37.26,-108.5,0.85
2019,8,28,32.34,-89.07,1
2019,8,28,32.46,-87.24,0.63
2019,8,28,48.31,-95.87,0.35
2019,8,28,31.79,-86,nan
2019,8,28,44.02,-100.35,0.93
2019,8,28,32.84,-88.14,nan
2019,8,28,29.35,-103.21,nan
2019,8,28,42.07,-101.44,0.98
2019,8,28,33.36,-81.33,nan
2019,8,28,31.78,-95.72,nan
2019,8,28,41.84,-88.85,0.41
2019,8,28,60.2,-154.32,nan
2019,8,28,31.62,-102.81,0.72
2019,8,28,33.15,-79.36,0.12
2019,8,28,37.43,-94.58,nan
2019,8,28,68.49,-155.75,nan
2019,8,28,62.74,-141.21,nan
2019,8,28,39.1,-96.61,nan
2019,8,28,32.72,-87.62,nan
2019,8,28,47.42,-117.53,0.13
2019,8,28,37.24,-120.88,0.15
2019,8,28,46.88,-110.29,0.97
2019,8,28,38.89,-86.57,0.67
2019,8,28,33.44,-117.19,nan
2019,8,28,36.57,-101.61,0.63
2019,8,28,48.54,-121.45,0.71
2019,8,28,57.06,-135.33,nan
2019,8,28,60.47,-145.35,nan
2019,8,28,68.03,-162.92,nan
2019,8,28,31.14,-87.05,nan
2019,8,28,42.42,-103.74,1
2019,8,28,38.09,-84.75,0
2019,8,28,35.82,-91.78,0.66
2019,8,28,36.62,-116.02,0.99
2019,8,28,43.27,-124.32,nan
2019,8,28,60.72,-150.45,0
2019,8,28,36.01,-85.13,0.34
2019,8,28,55.05,-131.59,nan
2019,8,28,41.85,-119.64,nan
2019,8,28,34.57,-85.62,nan
2019,8,28,41.79,-73.74,0.22
2019,8,28,31.92,-86.31,nan
2019,8,28,30.09,-91.87,0.64
2019,8,28,41.62,-112.54,0.86
2019,8,28,58.21,-155.92,nan
2019,8,28,37.29,-75.93,0.23
2019,8,28,40.24,-108.97,0.05
2019,8,28,40.81,-104.76,0.5
2019,8,28,38,-78.47,nan
2019,8,28,43.2,-116.75,0.11
2019,8,28,36.6,-117.14,nan
2019,8,28,34.45,-87.71,nan
2019,8,28,46.77,-99.48,nan
2019,8,28,37.76,-119.82,0.82
2019,8,28,38.54,-107.69,0.01
2019,8,28,30.81,-81.46,0.74
2019,8,28,42.68,-108.67,nan
2019,8,28,31.59,-110.51,nan
2019,8,28,58.43,-135.69,nan
2019,8,28,32.24,-111.17,nan
2019,8,28,32.85,-86.61,nan
2019,8,28,33.57,-86.06,nan
2019,8,28,63.03,-145.5,nan
2019,8,28,48.97,-102.17,0
2019,8,28,48.74,-113.43,nan
2019,8,28,64.5,-154.13,nan
2019,8,28,39.86,-75.79,0.13
2019,8,28,43.11,-70.95,nan
2019,8,28,34.2,-86.8,nan
2019,8,28,35.76,-112.34,nan
2019,8,28,32.88,-92.12,nan
2019,8,28,37.25,-86.23,nan
2019,8,28,40.65,-122.61,0.99
2019,8,28,33.21,-87.59,nan
2019,8,28,57.16,-170.21,nan
2019,8,28,33.78,-83.39,0.52
2019,8,28,38.87,-100.96,0.61
2019,8,28,34.66,-87.35,nan
2019,8,28,31.31,-84.47,0.9
2019,8,28,70.16,-148.46,nan
2019,8,28,36.13,-97.11,0.96
2019,8,28,32.84,-114.19,nan
2019,8,28,44.23,-79.78,nan
2019,8,28,0.269141531,36.699,0.47
2019,8,28,0.565517241,38.999,0.23
2019,8,28,0.050691244,40.864,0.14
2019,8,28,0.965116279,40.428,0.89
2019,8,28,0.696774194,38.506,0.65
2019,8,28,0.366013072,44.722,0.03
2019,8,28,0.298387097,37.852,0.13
2019,8,28,0.965968586,33.405,0.82
2019,8,28,1,43.612,1
2019,8,28,nan,47.709,0.48
2019,8,28,0.787878788,37.978,0.61
2019,8,28,0.060465116,43.779,0.28
2019,8,28,nan,43.757,0.34
2019,8,28,0.134408602,35.704,nan
2019,8,28,0.032258065,41.569,0.08
2019,8,28,0.550239234,64.85,0.29
2019,8,28,0.813895782,40.599,0.11
2019,8,28,0.434343434,41.515,0.71
2019,8,28,0.671370968,39.428,0.54
2019,8,28,nan,45.991,0.96
2019,8,28,0.581081081,38.508,0.65
2019,8,28,nan,40.985,0.85
2019,8,28,0.490322581,40.837,nan
2019,8,28,nan,39.497,0.95
2019,8,28,0.167741935,41.986,nan
2019,8,28,0.208955224,39.046,0.16
2019,8,28,0.359139785,40.276,0.89
2019,8,28,0.594758065,39.312,0.18
2019,8,28,0.430875576,42.953,0.65
2019,8,28,0.22705314,41.056,0.07
2019,8,28,0.187096774,36.128,0.12
2019,8,28,0.248847926,35.922,0.18
2019,8,28,0.431693989,37.522,0.4
2019,8,28,nan,61.191,nan
2019,8,28,nan,70.267,0.18
2019,8,28,0.694623656,39.892,0.99
2019,8,28,0.602150538,40.83,0.49
2019,8,28,0.987903226,40.358,0.96
2019,8,28,0.224489796,36.194,0.04
2019,8,28,0.910588235,41.229,0.06
2019,8,28,nan,42.58,0.23
2019,8,28,nan,38.073,0.75
2019,8,28,0.350649351,43.343,0.01
2019,8,28,0.887096774,67.933,0.88
2019,8,28,0.284697509,39.088,0.85
2019,8,28,0.164141414,40.797,0.42
2019,8,28,nan,41.898,0
2019,8,28,0.742138365,35.262,0.74
2019,8,28,0.50547046,37.486,0.26
2019,8,28,0.660130719,39.134,0.26
2019,8,28,1,41.401,0.73
2019,8,28,0.064516129,37.705,0.2
2019,8,28,0.136263736,42.05,0.04
2019,8,28,0.406593407,42.757,0.55
2019,8,28,0.743697479,38.852,0.3
2019,8,28,0.920258621,44.656,0.76
2019,8,28,0.872611465,39.301,0.74
2019,8,28,0.096774194,41.776,0.26
2019,8,28,nan,48.655,0.63
2019,8,28,0.067622951,41.314,0.75
2019,8,28,0.9,36.177,0.25
2019,8,28,0.518610422,40.358,0.22
2019,8,28,0.774487472,37.496,0.2
2019,8,28,0,40.942,0
2019,8,28,0.736972705,38.55,0.57
2019,8,28,0.54233871,41.466,0.57
2019,8,28,0.215053763,46.805,0.22
2019,8,28,0.193548387,42.712,0.19
2019,8,28,0.012847966,40.351,0.08
2019,8,28,0.703629032,42.319,0.64
2019,8,28,0.84516129,38.946,0.65
2019,8,28,0.110144928,35.268,nan
2019,8,28,0,39.416,0.12
2019,8,28,0.32231405,36.072,0.75
2019,8,28,0.209677419,39.302,0.34
2019,8,28,0.844978166,39.875,0.1
2019,8,28,0.776765376,37.401,0.69
2019,8,28,0.128078818,39.31,0.74
2019,8,28,0.510250569,34.746,0
2019,8,28,0.689826303,39.455,0.84
2019,8,28,0.170454545,35.142,0.17
2019,8,28,0.739631336,39.132,0.39
2019,8,28,0.944281525,38.071,0.47
2019,8,28,0.539784946,38.719,0.88
2019,8,28,0.866666667,40.885,0.7
2019,8,28,0.135416667,38.991,0.09
2019,8,28,1,39.937,0.99
2019,8,28,0.359447005,65.251,0.46
2019,8,28,0.9,41.319,1
2019,8,28,0.263529412,45.265,0.41
2019,8,28,0.115207373,36.026,0.07
2019,8,28,0.722084367,41.737,0.62
2019,8,28,0.058823529,38.82,0.07
2019,8,28,0.6,48.362,0.61
2019,8,28,0.47146402,39.453,0.72
2019,8,28,0.784883721,37.836,0
2019,8,28,0.412903226,41.34,0.74
2019,8,28,0.303225806,41.968,0.57
2019,8,28,nan,42.956,0.31
2019,8,28,0.254032258,39.558,0.72
2019,8,28,0.877419355,41.893,0.89
2019,8,28,1,39.796,0.97
2019,8,28,0.173387097,39.964,0.49
2019,8,28,0.525210084,37.575,0.23
2019,8,28,0.2,38.048,0.23
2019,8,28,0.201612903,42.508,0.43
2019,8,28,0.002183406,40.739,0
2019,8,28,0.455913978,40.775,0.23
2019,8,28,0.935897436,48.952,0.86
2019,8,28,0.966386555,37.597,0.52
2019,8,28,0.021505376,40.137,0.14
2019,8,28,0.172043011,48.928,0
2019,8,28,0.668817204,37.486,0.33
2019,8,28,0.414201183,41.662,0.46
2019,8,28,0.506261181,40.868,0.79
2019,8,28,0.484848485,38.836,0.68
2019,8,28,0.084577114,65.078,0.02
2019,8,28,0.664516129,48.763,0.66
2019,8,28,nan,62.63,0
2019,8,28,0.234604106,47.458,0.49
2019,8,28,nan,34.457,0.28
2019,8,28,0.708510638,40.443,0.69
2019,8,28,0.27016129,40.885,0.21
2019,8,28,0.512096774,39.163,0.46
2019,8,28,1,33.979,0.2
2019,8,28,0.539170507,59.588,0.18
2019,8,28,0.814371257,40.597,0.77
2019,8,28,0.432258065,41.672,0.44
2019,8,28,0.97235023,39.32,0.81
2019,8,28,0.476525822,41.762,0.37
2019,8,28,nan,64.535,nan
2019,8,28,0.308467742,39.718,0.11
2019,8,28,0.133640553,37.869,0.02
2019,8,28,0.131086142,41.916,0.43
2019,8,28,0.710344828,68.617,nan
2019,8,28,0.15625,48.879,0.21
2019,8,28,nan,60.19,nan
2019,8,28,0.663179916,39.172,0.74
2019,8,28,0.392307692,36.582,0.03
2019,8,28,0.439516129,46.466,0.8
2019,8,28,0.362179487,63.944,0.53
2019,8,28,0.595307918,40.549,0.48
2019,8,28,0.974193548,40.385,0.88
2019,8,28,0.756989247,38.276,0.77
2019,8,28,0.477987421,34.941,0.01
2019,8,28,0.764516129,40.893,0.7
2019,8,28,0.460829493,40.907,0.09
2019,8,28,0.285714286,46.495,0.77
2019,8,28,0.578629032,38.208,0.26
2019,8,28,0.068322981,59.351,0.09
2019,8,28,0.402150538,40.612,0.52
2019,8,28,0.060546875,46.119,0.41
2019,8,28,0.90512334,39.93,0.89
2019,8,28,0.511520737,41.547,0.47
2019,8,28,0.698924731,40.659,0.69
2019,8,28,0.011070111,63.305,0.21
2019,8,28,0.833333333,42.765,0.78
2019,8,28,0.157464213,42.87,0.81
2019,8,28,nan,43.226,0.92
2019,8,28,0.709677419,38.68,0.39
2019,8,28,0.865306122,40.581,0.45
2019,8,28,0.696394687,37.661,0.4
2019,8,28,0.947580645,39.461,0.77
2019,8,28,0.17562724,43.669,0.64
2019,8,28,0.187096774,41.376,0.11
2019,8,28,0.48988764,41.67,0.77
2019,8,28,0.985111663,38.946,0.93
2019,8,28,0.491935484,45.188,0.42
2019,8,28,0.090643275,39.658,0.04
2019,8,28,0.2,36.316,0.02
2019,8,28,0.564516129,38.482,0.33
2019,8,28,0.265232975,40.399,0.39
2019,8,28,0.102396514,37.972,0.1
2019,8,28,0.132478632,37.799,0.11
2019,8,28,0.612903226,37.569,0.3
2019,8,28,0.866666667,39.564,0.29
2019,8,28,0.663492063,41.922,0.23
2019,8,28,0.964630225,67.253,nan
2019,8,28,0.75,38.07,0.36
2019,8,28,0.076923077,37.49,0.01
2019,8,28,0,37.209,0.86
2019,8,28,0.838709677,37.379,0.51
2019,8,28,0.756272401,38.163,0.58
2019,8,28,0.626804124,37.892,0.22
2019,8,28,0.388794567,40.934,0.67
2019,8,28,0.538071066,39.326,0.05
2019,8,28,0.409638554,39.741,0.37
2019,8,28,0.0625,40.95,0.36
2019,8,28,0.595477387,40.534,1
2019,8,28,0.311827957,37.658,0.35
2019,8,28,0.108504399,44.437,0.16
2019,8,28,1,39.233,0.87
2019,8,28,nan,40.462,nan
2019,8,28,0.423387097,43.131,0.15
2019,8,28,nan,44.009,0.77
2019,8,28,0.233082707,59.86,0
2019,8,28,0.785353535,40.718,0.65
2019,8,28,0.905339806,38.668,0.73
2019,8,28,nan,38.849,0.68
2019,8,28,0.701960784,38.505,0.64
2019,8,28,0.481389578,39.033,0.26
2019,8,28,0.884615385,40.762,0.94
2019,8,28,0.34375,68.13,0.94
2019,8,28,0.54459203,40.678,0.17
2019,8,28,0.5,41.57,0.48
2019,8,28,0.456706282,46.237,0.69
2019,8,28,0.166666667,47.856,0.41
2019,8,28,0.40625,37.68,0.27
2019,8,28,0.516059957,39.292,0.24
2019,8,28,0.340501792,39.38,0.1
2019,8,28,0.31875,37.527,0.07
2019,8,28,0.948387097,40.978,0.94
2019,8,28,0.512096774,38.482,0.08
2019,8,28,0.45112782,48.723,nan
2019,8,28,0.44516129,39.136,0.65
2019,8,28,0.602910603,40.795,0.57
2019,8,28,0.789189189,40.295,0.77
2019,8,28,nan,43.764,nan
2019,8,28,0.417910448,46.87,0.52
2019,8,28,0.117521368,40.201,0.19
2019,8,28,0.416666667,41.967,0.42
2019,8,28,0.030241935,39.804,0.02
2019,8,28,0.908396947,36.408,nan
2019,8,28,nan,43.289,nan
2019,8,28,0.615053763,41.685,0.48
2019,8,28,nan,39.253,nan
2019,8,28,0.655913978,66.745,0.05
2019,8,28,nan,44.134,0.48
2019,8,28,0,62.133,1
2019,8,28,0,38.996,0.73
2019,8,28,0,65.367,0.51
2019,8,28,0.935483871,41.269,0.95
2019,8,28,0.475806452,40.863,0.27
2019,8,28,0.571038251,40.608,0.79
2019,8,28,0.865470852,39.683,0.77
2019,8,28,0.568075117,41.821,0.59
2019,8,28,0.46559633,41.406,0.55
2019,8,28,0.483870968,40.624,0.71
2019,8,28,0.590725806,40.855,0.27
2019,8,28,0.838709677,44.83,0.36
2019,8,28,nan,59.699,nan
2019,8,28,0.394299287,37.504,0.04
2019,8,28,0.903225806,39.012,0.3
2019,8,28,0.448,39.646,0
2019,8,28,0.856512141,39.137,0.61
2019,8,28,0.575268817,36.716,0.38
2019,8,28,0.098522167,40.185,0.06
2019,8,28,0.166666667,34.861,0
2019,8,28,0.564516129,40.885,0.54
2019,8,28,0.381048387,37.813,0.04
2019,8,28,0.663306452,39.164,0.83
2019,8,28,nan,40.512,0.06
2019,8,28,0.51843318,39.19,0.48
2019,8,28,0,41.07,0.13
2019,8,28,1,40.845,0.22
2019,8,28,0.988839286,41.751,0.01
2019,8,28,0.638814016,65.486,0.26
2019,8,28,0.729032258,38.398,0.57
2019,8,28,0.843010753,38.437,0.61
2019,8,28,0.294930876,37.748,0.01
2019,8,28,0.467889908,46.95,nan
2019,8,28,0.470941884,41.793,0.7
2019,8,28,0.492359932,44.051,0.5
2019,8,28,0.647524752,38.894,0.59
2019,8,28,nan,42.691,nan
2019,8,28,0.757793765,39.319,0.47
2019,8,28,0.683467742,40.283,0.82
2019,8,28,nan,39.238,0.47
2019,8,28,0.903225806,41.49,0.82
2019,8,28,0.832258065,39.867,0.06
2019,8,28,0.814583333,39.046,0.62
2019,8,28,0.790087464,40.565,0.98
2019,8,28,0.235849057,36.249,0
2019,8,28,0.079178886,45.248,0.06
2019,8,28,0.159274194,45.697,0.15
2019,8,28,0.166666667,40.675,0.18
2019,8,28,0.683467742,42.407,nan
2019,8,28,0.321256039,39.452,0.44
2019,8,28,nan,45.272,nan
2019,8,28,0.163793103,41.238,0.21
2019,8,28,0,33.971,0
2019,8,28,0.439882698,39.567,nan
2019,8,28,0.160869565,48.445,nan
2019,8,28,0.572580645,40.165,0.24
2019,8,28,0.662621359,38.608,0.68
2019,8,28,0.26875,35.767,0.03
2019,8,28,0.058673469,39.361,0.04
2019,8,28,0.557603687,46.783,0.73
2019,8,28,0.643010753,41.229,0.8
2019,8,28,0.237903226,38.772,0.19
2019,8,28,0.545698925,43.209,0.44
2019,8,28,0,39.436,0
2019,8,28,0.634408602,39.348,0.43
2019,8,28,0,60.617,0.04
2019,8,28,0.714285714,40.884,0.72
2019,8,28,0.867368421,38.484,0.6
2019,8,28,0.138248848,40.922,0.11
2019,8,28,0.86163522,39.49,0.87
2019,8,28,0.088709677,44.303,nan
2019,8,28,0.719917012,39.135,0.48
2019,8,28,0,37.512,0.27
2019,8,28,0.173387097,39.132,0.09
2019,8,28,0.25,37.488,0
2019,8,28,0.157258065,39.45,0.88
2019,8,28,0.474654378,65.124,0.3
2019,8,28,nan,39.085,0.05
2019,8,28,0.744239631,40.645,0.47
2019,8,28,0.060215054,44.209,0.17
2019,8,28,0.129032258,42.181,0.3
2019,8,28,0.264516129,41.408,0.94
2019,8,28,0.848635236,40.975,0.65
2019,8,28,0.781362007,38.489,0.69
2019,8,28,0.282208589,42.647,nan
2019,8,28,0.290322581,43.875,0.21
2019,8,28,0.080519481,42.28,1
2019,8,28,0.543778802,39.618,0.8
2019,8,28,0.679435484,42.013,0.6
2019,8,28,0.140039448,40.716,0.29
2019,8,28,0.826315789,41.378,0.25
2019,8,28,0.370967742,40.958,0.73
2019,8,28,0.111111111,37.722,0.05
2019,8,28,0.508960573,41.248,0.56
2019,8,28,0.944954128,38.302,0.66
2019,8,28,0.868951613,40.789,0.59
2019,8,28,0.179190751,39.015,0.17
2019,8,28,0.939516129,48.057,0.99
2019,8,28,0.070175439,34.97,0.04
2019,8,28,0.834549878,47.879,0.73
2019,8,28,nan,44.788,0.86
2019,8,28,0.099041534,60.727,0.26
2019,8,28,0.735849057,43.768,0.72
2019,8,28,0.724752475,42.436,0.9
2019,8,28,0.626728111,38.666,nan
2019,8,28,0.126027397,39.304,0.04
2019,8,28,0.611205433,42.753,0.68
2019,8,28,0.419354839,40.494,0.3
2019,8,28,0.129032258,48.519,0.11
2019,8,28,0.830107527,38.693,0.9
2019,8,28,33.891,-100.399,0.62
2019,8,28,31.193,-101.469,0.96
2019,8,28,32.414,-99.534,0
2019,8,28,34.094,-102.118,0.28
2019,8,28,34.413,-101.068,0.73
2019,8,28,32.926,-102.132,0
2019,8,28,33.389,-102.61,0.79
2019,8,28,33.526,-102.36,0.71
2019,8,28,34.423,-102.107,0.58
2019,8,28,33.604,-101.899,0.79
2019,8,28,33.345,-99.666,0.87
2019,8,28,34.654,-102.691,0.67
2019,8,28,34.731,-100.525,0.92
2019,8,28,33.668,-101.376,0.14
2019,8,28,34.133,-101.57,0.4
2019,8,28,33.481,-100.876,0.63
2019,8,28,33.735,-102.74,0.87
2019,8,28,34.456,-100.199,0.43
2019,8,28,30.929,-99.809,0.72
2019,8,28,34.445,-101.19,0.43
2019,8,28,35.113,-101.8,0.73
2019,8,28,32.991,-102.939,0.48
2019,8,28,34.651,-101.498,0
2019,8,28,33.92,-103.358,0.51
2019,8,28,33.632,-99.291,0.72
2019,8,28,31.299,-100.805,0.17
2019,8,28,35.08,-100.391,0.2
2019,8,28,34.022,-102.405,0.4
2019,8,28,31.379,-100.266,0.85
2019,8,28,32.706,-101.936,nan
2019,8,28,33.228,-102.839,0.86
2019,8,28,33.152,-102.271,0.59
2019,8,28,30.47,-99.78,0.88
2019,8,28,35.416,-101.932,0.82
2019,8,28,32.314,-102.005,0.56
2019,8,28,34.273,-100.604,0.32
2019,8,28,34.925,-100.93,nan
2019,8,28,34.206,-102.742,nan
2019,8,28,34.886,-102.99,0.22
2019,8,28,32.741,-102.636,0.83
2019,8,28,34.983,-101.501,0.74
2019,8,28,34.379,-100.932,0.38
2019,8,28,32.98,-101.832,nan
2019,8,28,35.33,-101.386,0.76
2019,8,28,33.239,-103.352,0.2
2019,8,28,33.232,-100.568,0.38
2019,8,28,33.936,-100.845,0.74
2019,8,28,35.03,-101.185,0.34
2019,8,28,33.875,-101.757,0.65
2019,8,28,34.344,-99.94,0.68
2019,8,28,33.325,-101.913,0.5
2019,8,28,33.168,-100.196,0.52
2019,8,28,33.608,-102.046,0.41
2019,8,28,31.543,-100.513,0.71
2019,8,28,34.831,-102.425,0.1
2019,8,28,34.543,-101.74,0.19
2019,8,28,33.725,-102.191,nan
2019,8,28,33.567,-100.481,0.43
2019,8,28,34.987,-102.084,0.19
2019,8,28,31.277,-103.067,0.98
2019,8,28,31.826,-101.055,0.98
2019,8,28,33.421,-102.05,0.31
2019,8,28,32.104,-101.633,0.56
2019,8,28,34.568,-102.293,0.07
2019,8,28,31.656,-101.6,0.1
2019,8,28,32.936,-102.574,0.5
2019,8,28,35.54,-100.928,0.78
2019,8,28,38.725,-97.444,1
2019,8,28,38.883,-94.991,nan
2019,8,28,39.829,-97.839,nan
2019,8,28,39.814,-97.675,0.3
2019,8,28,38.82,-101.853,nan
2019,8,28,37.369,-95.288,nan
2019,8,28,39.418,-97.14,0.12
2019,8,28,37.065,-99.751,0.02
2019,8,28,37.804,-96.883,0.96
2019,8,28,37.931,-98.02,0.03
2019,8,28,39.078,-95.771,nan
2019,8,28,38.541,-99.28,nan
2019,8,28,38.53,-101.664,nan
2019,8,28,38.101,-99.902,nan
2019,8,28,37.165,-96.228,nan
2019,8,28,38.717,-95.516,0.95
2019,8,28,39.454,-98.703,0.32
2019,8,28,37.52,-97.312,nan
2019,8,28,37.673,-101.372,nan
2019,8,28,38.386,-99.856,nan
2019,8,28,39.372,-99.831,nan
2019,8,28,39.633,-101.816,0.16
2019,8,28,37.46,-97.625,1
2019,8,28,37.902,-99.87,nan
2019,8,28,37.614,-101.728,nan
2019,8,28,37.996,-101.865,nan
2019,8,28,39.209,-96.592,0.95
2019,8,28,39.232,-96.58,nan
2019,8,28,39.078,-95.771,0.5
2019,8,28,39.842,-95.482,nan
2019,8,28,38.363,-96.618,0.53
2019,8,28,38.483,-101.328,0.7
2019,8,28,37.659,-101.027,nan
2019,8,28,39.633,-101.816,nan
2019,8,28,39.126,-96.637,0.77
2019,8,28,38.849,-99.345,0.98
2019,8,28,39.116,-95.926,nan
2019,8,28,37.259,-101.792,0
2019,8,28,38.543,-95.249,nan
2019,8,28,38.101,-99.902,0.1
2019,8,28,38.599,-100.471,0.79
2019,8,28,38.466,-101.775,0.44
2019,8,28,37.065,-98.085,0.16
2019,8,28,38.558,-98.352,1
2019,8,28,38.592,-94.848,0.15
2019,8,28,37.309,-98.794,1
2019,8,28,39.437,-98.21,0.27
2019,8,28,39.782,-97.055,0.2
2019,8,28,37.774,-100.952,0.09
2019,8,28,38.867,-96.903,nan
2019,8,28,37.373,-101.378,0.1
2019,8,28,37.135,-100.396,0.28
2019,8,28,37.993,-100.812,0.98
2019,8,28,37.199,-94.981,0.13
2019,8,28,39.392,-101.069,1
2019,8,28,38.036,-101.031,0.2
2019,8,28,37.861,-95.784,0.18
2019,8,28,39.683,-98.213,0.3
2019,8,28,37.792,-100.297,nan
2019,8,28,39.357,-100.61,nan
2019,8,28,37.894,-101.233,0
2019,8,28,37.305,-100.887,1
2019,8,28,42.28,89.673,0.26
2019,8,28,40.709,89.511,0.68
2019,8,28,41.842,88.851,0.26
2019,8,28,37.7,89.244,0.8
2019,8,28,38.518,89.842,1
2019,8,28,40.106,90.182,0.97
2019,8,28,38.382,88.39,0.94
2019,8,28,39.806,90.824,0.75
2019,8,28,40.053,88.372,0.13
2019,8,28,39.727,89.611,0.29
2019,8,28,41.905,88.361,0.47
2019,8,28,38.136,88.923,0.6
2019,8,28,40.084,88.24,0.09
2019,8,28,38.738,88.103,0.55
2019,8,28,40.933,90.724,0.09
2019,8,28,40.95,88.159,0.18
2019,8,28,37.437,88.667,0.41
2019,8,28,38.949,88.96,0.8
2019,8,28,41.634,90.039,0.16
2019,8,28,40.561,-74.961,0.51
2019,8,28,39.524,-75.201,nan
2019,8,28,40.473,-74.423,0.41
2019,8,28,39.218,-74.794,nan
2019,8,28,40.119,-74.526,1
2019,8,28,41.03,-74.425,nan
2019,8,28,39.635,-74.758,nan
2019,8,28,40.764,-91.42,0.17
2019,8,28,42.916,-93.792,0.03
2019,8,28,43.365,-95.642,0.18
2019,8,28,42.108,-93.586,0.45
2019,8,28,41.313,-95.173,0.75
2019,8,28,41.316,-92.649,0.84
2019,8,28,41.193,-91.484,0.34
2019,8,28,42.02,-93.774,0.48
2019,8,28,42.063,-95.834,0.28
2019,8,28,42.938,-92.57,0
2019,8,28,40.973,-93.424,0.45
2019,8,28,41.356,-91.134,nan
2019,8,28,43.31,-96.504,nan
2019,8,28,42.518,-90.914,0
2019,8,28,41.594,-94.125,nan
2019,8,28,42.107,-93.585,nan
2019,8,28,41.28,-94.449,0.25
2019,8,28,42.927,-95.539,0
2019,8,28,42.59,-95.013,0.19
2019,8,28,41.044,-95.775,0.18
2019,8,28,43.298,-96.188,nan
2019,8,28,41.911,-91.618,0.39
2019,8,28,41.475,-91.867,0.56
